,Reaction,an_Flux_X,an_flux_stdev ,model_id,UB,LB,silico_UB,silico_LB
0,1.0,-84,2.0,PGI,-80,-88,-91.92756271192897,-91.92756271187477
1,2.0,-15,2.0,G6PDH2r,-11,-19,-7.683469967820244,-7.683469967783743
2,3.0,190,4.0,GAPD,198,182,193.78314424776892,193.7831442478291
3,4.0,-103,14.0,PFL,-75,-131,-100.39062798109128,-100.39062798100761
4,,0,,PDH,0,0,-2.0384956871750984e-11,0.0
5,5.0,61,10.0,PTAr,81,41,50.68769080304471,50.32572595883707
6,6.0,-38,7.0,ACALD,-24,-52,-45.008379601794104,-45.00837960173272
7,7.0,38,7.0,ALCD2x,52,24,45.0,45.00000000000344
8,8.0,-89,6.0,LDH_L,-77,-101,-83.00000000000574,-82.99999999993885
