,Reaction,an_Flux_X,an_flux_stdev ,model_id,UB,LB,silico_UB,silico_LB
0,1.0,-84,2.0,PGI,-80,-88,-18.35806294223466,-99.49332916462427
1,2.0,-15,2.0,G6PDH2r,-11,-19,-1.6326250790182484e-13,-38.95340298831127
2,3.0,190,4.0,GAPD,198,182,281.9958917018804,165.68981439653038
3,4.0,-103,14.0,PFL,-75,-131,-55.93084023731997,-123.9146408954127
4,,0,,PDH,0,0,25.968935325540098,0.0
5,5.0,61,10.0,PTAr,81,41,104.65288453169148,0.0
6,6.0,-38,7.0,ACALD,-24,-52,-5.92339293167372,-83.34614247458113
7,7.0,38,7.0,ALCD2x,52,24,36.92074866310259,30.999999999999996
8,8.0,-89,6.0,LDH_L,-77,-101,-55.32049999999484,-88.9207486631029
