,Reaction,an_Flux_X,an_flux_stdev ,model_id,UB,LB,silico_UB,silico_LB
0,1.0,-84,2.0,PGI,-80,-88,-47.42114977236112,-99.46518078488117
1,2.0,-15,2.0,G6PDH2r,-11,-19,-1.6326250790182484e-13,-35.86748093210476
2,3.0,190,4.0,GAPD,198,182,249.45246901867188,178.7723040852255
3,4.0,-103,14.0,PFL,-75,-131,-64.9661315466108,-112.6954306378268
4,,0,,PDH,0,0,23.63627751710117,0.0
5,5.0,61,10.0,PTAr,81,41,76.87860033900844,21.02193084064771
6,6.0,-38,7.0,ACALD,-24,-52,-15.898080242784916,-58.69911915616318
7,7.0,38,7.0,ALCD2x,52,24,33.960374331550696,30.999999999999996
8,8.0,-89,6.0,LDH_L,-77,-101,-69.16024999999831,-85.96037433155115
