,Reaction,an_Flux_X,an_flux_stdev ,model_id,UB,LB,silico_UB,silico_LB
0,1.0,-84,2.0,PGI,-80,-88,-78.32119761878405,-97.68887251796912
1,2.0,-15,2.0,G6PDH2r,-11,-19,-1.6613434663997255,-20.712060319730302
2,3.0,190,4.0,GAPD,198,182,212.3256238161517,189.23829583618664
3,4.0,-103,14.0,PFL,-75,-131,-83.77993580317644,-103.45655650833804
4,,0,,PDH,0,0,14.411190478424839,0.0
5,5.0,61,10.0,PTAr,81,41,54.6591729848474,43.06874898131995
6,6.0,-38,7.0,ACALD,-24,-52,-27.885188980961363,-36.5563452259132
7,7.0,38,7.0,ALCD2x,52,24,31.592074866310487,30.999999999999996
8,8.0,-89,6.0,LDH_L,-77,-101,-80.23205000000486,-83.59207486630913
