,Reaction,an_Flux_X,an_flux_stdev ,model_id,UB,LB,silico_UB,silico_LB
0,1.0,-84,2.0,PGI,-80,-88,-64.85900187041841,-99.44829175703532
1,2.0,-15,2.0,G6PDH2r,-11,-19,-1.2244688092636863e-13,-34.015927698385056
2,3.0,190,4.0,GAPD,198,182,229.92641540872012,186.62179789844646
3,4.0,-103,14.0,PFL,-75,-131,-78.5697760238162,-105.96390448327841
4,,0,,PDH,0,0,16.902883369265954,0.0
5,5.0,61,10.0,PTAr,81,41,60.214029823394036,37.55704444614528
6,6.0,-38,7.0,ACALD,-24,-52,-24.766331616107596,-42.09203870845599
7,7.0,38,7.0,ALCD2x,52,24,32.18414973262138,30.999999999999996
8,8.0,-89,6.0,LDH_L,-77,-101,-77.46409999999995,-84.18414973262034
