,Reaction,an_Flux_X,an_flux_stdev ,model_id,UB,LB,silico_UB,silico_LB
0,1.0,-84,2.0,PGI,-80,-88,-59.046384504397466,-99.45392143298395
1,2.0,-15,2.0,G6PDH2r,-11,-19,-1.2244688092636863e-13,-34.63311210962389
2,3.0,190,4.0,GAPD,198,182,236.4350999453668,184.00529996070713
3,4.0,-103,14.0,PFL,-75,-131,-73.35961624445892,-108.20774653479667
4,,0,,PDH,0,0,19.14734808520818,0.0
5,5.0,61,10.0,PTAr,81,41,65.7688866619379,32.04533991097363
6,6.0,-38,7.0,ACALD,-24,-52,-21.64747425123973,-47.627732191024776
7,7.0,38,7.0,ALCD2x,52,24,32.776224598930135,30.999999999999996
8,8.0,-89,6.0,LDH_L,-77,-101,-74.69615000000115,-84.7762245989302
